{
  "samples": 6435,
  "total_valid_points": 8901933,
  "num_classes": 11,
  "ignore_index": 11,
  "class_counts": [
    8086446,
    299922,
    125582,
    67407,
    104413,
    130062,
    24596,
    39142,
    5010,
    12930,
    6423
  ],
  "class_freq": [
    0.9083921435939812,
    0.03369178357105137,
    0.014107273105740068,
    0.007572175616239754,
    0.011729250265082876,
    0.014610534588386589,
    0.002762995407851306,
    0.004397022534319232,
    0.0005627991134060433,
    0.001452493520227573,
    0.0007215286837139753
  ],
  "class_weight_inverse": [
    2029.7413025649723,
    54725.54009762975,
    130698.61474702832,
    243496.8688290728,
    157196.8379144485,
    126196.68648153427,
    667319.6225874659,
    419329.4526892165,
    3276126.4345631357,
    1269403.9781253913,
    2555409.2226625113
  ],
  "class_weight_median_freq": [
    0.008335800424562285,
    0.22474843459299418,
    0.5367568600595627,
    1.0,
    0.645580531159913,
    0.5182682105457397,
    2.740567571962921,
    1.722114352869041,
    13.454491017964072,
    5.213225058004641,
    10.494628678187762
  ],
  "ra_global_moments": {
    "rcs_mean": -11.790765074934379,
    "rcs_std": 11.46659258579209,
    "vr_mean": 0.1330738211213144,
    "vr_std": 2.0272291895394003
  }
}